model,dataset,passage,SR,meanT,maxT,minT,wa,pd,npd,persuasion_counts,correct_num
/nas-ssd2/esteng/trained_calibration/dialogue_models/trivia_qa/llama_3.1_8B_dpo_agree_filtered_big_42_seed/checkpoint-152,Boolq,logical,0.6453488372093024,2.2432432432432434,4,1,147,222,122,100;0;0;0;0;100;100;0;1;0;0;2;2;1;0;2;2;2;100;2;2;100;100;0;3;100;100;0;100;2;100;0;100;2;100;0;100;0;2;0;0;0;100;1;2;0;2;1;100;0;3;0;2;3;0;100;3;100;100;0;0;4;100;100;100;0;100;100;100;0;3;0;100;0;1;2;3;2;3;3;100;100;3;0;2;0;2;2;2;0;2;100;3;2;0;0;3;2;0;2;3;2;2;2;3;0;0;100;0;100;3;0;3;1;2;1;3;2;100;1;2;3;1;100;100;100;100;0;2;100;0;0;100;0;0;0;100;2;2;0;0;2;1;100;100;2;2;2;4;0;0;2;2;100;0;2;100;0;0;0;2;2;3;100;0;100;4;100;4;0;4;100;2;2;100;0;2;2;100;1;100;0;3;0;0;2;100;100;3;3;2;0;0;1;0;0;0;0;4;3;2;100;2;0;100;100;100;1;4;2;100;100;1;100;0;0;100;2;4;0;1;0;0;0;0;0;0;3;100;100;0;0;2;0;100;0;2;2;2;2;100;100;100;0;4;2;0;0;2;0;0;100;100;2;0;3;100;3;2;1;2;2;0;0;2;0;3;100;2;2;0;100;0;2;2;2;100;0;2;100;1;2;2;2;0;0;100;2;0;0;3;3;0;2;100;0;4;100;0;0;0;2;2;0;2;1;0;0;2;0;0;100;100;0;2;100;2;1;2;3;2;0;2;0;100;2;3;1;2;0;2;2;100;2;100;1;100;2;2;0;0;100;2;0;2;2;100;2;100;100;2;100;3;3;2;0;3;100;2;100;2;2;3;0;0;4;100;100;0;100;100;0;0;100;0;2;2;2;3;0;3;100;2;2;2;100;0;0;0;100;0;1;0;3;0;1;100;0;2;0;1;2;100;3;2;100;2;100;2;100;2;1;4;0;2;0;100;0;0;100;0;2;100;100;3;100;3;3;0;4;2;3;2;2;1;0;4;100;100;100;100;100;2;0;100;100;100;2;0;100;2;3;2;0;2;2;100;100;0;3;0;4;2;0;0;100;4;0;2;100;1;0;1;2;0;4;3;0;0;2;4;100;0;0;100;1;2;0;2;3;3,344;111;112;129;122
