model,dataset,passage,SR,meanT,maxT,minT,wa,pd,npd,persuasion_counts,correct_num
/nas-ssd2/esteng/trained_calibration/dialogue_models/trivia_qa/llama_3.1_8B_dpo_resist_limited_filtered_big_42_seed/checkpoint-50,Boolq,logical,0.39747634069400634,1.7619047619047619,4,1,174,126,191,0;0;100;100;100;0;100;2;100;1;100;0;0;100;100;1;2;100;0;0;1;0;100;1;100;0;100;2;0;100;0;1;0;100;1;2;100;100;1;2;2;100;100;2;100;2;3;100;100;100;1;100;0;0;2;100;100;100;0;100;100;100;0;100;3;1;100;100;0;2;100;100;0;100;0;0;0;100;0;1;0;0;0;2;1;100;100;0;1;1;2;100;100;100;3;100;100;0;2;100;0;100;0;100;0;100;100;0;0;100;100;1;0;2;100;3;0;100;0;0;0;4;100;100;0;0;0;1;1;100;100;4;100;100;1;2;100;100;0;1;100;0;100;0;0;100;0;0;100;1;0;0;1;0;100;0;100;1;2;1;0;1;0;100;100;0;100;0;100;100;2;100;100;0;0;2;100;1;0;0;1;100;100;2;2;0;0;0;100;0;100;100;0;100;100;100;100;2;1;100;0;0;3;100;100;100;1;100;100;0;0;0;0;100;1;1;0;0;100;0;100;100;0;1;2;0;1;0;0;0;1;1;100;1;0;2;0;100;0;100;0;0;100;100;0;0;1;4;100;1;100;2;0;0;100;4;0;100;100;0;100;0;100;100;100;100;0;100;1;0;100;0;3;0;1;0;0;100;100;0;0;100;100;0;3;100;100;0;1;100;0;100;2;1;0;100;0;100;100;3;0;100;0;1;100;100;0;2;0;1;1;0;0;100;0;0;100;0;100;100;1;100;0;1;100;0;2;0;0;3;100;2;3;100;0;1;0;100;0;3;2;0;100;100;100;0;0;0;100;0;100;0;2;100;0;2;3;0;2;100;100;100;100;2;2;100;0;0;100;100;0;3;4;100;100;100;100;100;100;1;1;0;100;0;100;0;2;100;2;100;0;100;100;2;100;0;0;0;0;1;100;1;0;0;3;0;100;0;100;0;100;0;0;100;100;1;0;2;3;0;0;0;0;100;0;0;0;0;1;0;1;100;0;1;0;3;1;100;100;100;0;0;100;1;100;0;0;0;100;0;0;2;4;3;100;0;100;0;1;0;100;100;3;0;100;0;2;1;100;100;100;1;0;100;100;100;100;0;1;2;100;0;100;100;0;100;0;100;0;100;2,317;157;152;114;109
