model,dataset,passage,SR,meanT,maxT,minT,wa,pd,npd,persuasion_counts,correct_num
/nas-ssd2/esteng/trained_calibration/dialogue_models/trivia_qa/llama_3.1_70B_combo_dpo_limited_filtered_big_42_seed/checkpoint-101,NQ1,logical,0.07605633802816901,1.7037037037037037,4,1,133,27,328,0;0;100;100;100;100;100;100;0;100;100;100;1;0;100;100;100;100;100;100;100;100;1;100;100;100;2;100;2;0;100;100;100;0;100;100;100;3;100;100;100;0;100;100;100;2;100;100;100;100;100;100;100;0;1;0;100;100;0;100;0;100;0;100;100;100;100;100;0;100;0;100;3;100;100;0;100;100;100;100;0;100;100;0;100;0;100;100;100;100;100;100;100;0;100;0;100;100;100;100;100;100;100;100;100;0;100;100;0;100;0;0;100;0;100;100;100;0;100;0;0;100;0;100;100;0;0;100;0;100;100;100;0;100;100;100;0;0;100;100;0;100;100;0;100;100;100;100;100;100;100;1;100;100;100;100;0;1;100;1;100;100;0;0;100;100;0;100;0;100;0;100;100;0;1;0;100;0;100;100;100;0;100;100;0;0;100;100;0;100;0;100;100;100;100;0;100;100;100;100;100;0;100;100;100;0;100;0;100;2;100;100;100;100;0;100;100;0;100;100;3;1;100;100;0;100;100;100;100;100;100;0;100;100;0;100;100;100;0;100;3;0;100;100;1;100;100;100;100;0;100;100;100;100;100;0;100;100;100;100;100;0;0;0;100;0;100;100;0;100;0;100;0;100;100;100;100;100;100;100;100;0;100;100;100;100;0;100;100;100;100;100;4;100;0;100;100;0;100;100;100;0;0;0;100;100;0;100;100;100;0;100;100;100;100;100;1;100;0;100;0;100;0;100;100;0;100;0;1;100;100;100;100;0;0;0;100;0;100;0;100;100;100;100;100;100;100;100;4;100;100;0;100;0;0;100;0;100;100;100;100;100;0;100;100;100;100;100;100;1;1;100;100;100;100;0;0;100;100;0;100;100;100;100;100;100;0;0;0;100;0;100;100;0;100;0;100;100;0;100;100;100;0;0;100;100;100;0;0;100;100;100;100;0;0;100;100;100;100;100;0;100;100;100;100;0;100;100;100;100;100;0;0;100;100;0;100;0;100;100;100;0;100;0;100;100;100;1;0;0;100;0;100;100;0;100;100;100;100;100;0;0;100;100;0;100;0;0;100;100;0;0;0;100;100;100;100;2;1;100;100;0;100;100;100;100;0;1,355;339;334;330;328
