model,dataset,passage,SR,meanT,maxT,minT,wa,pd,npd,persuasion_counts,correct_num
/nas-ssd2/esteng/trained_calibration/dialogue_models/trivia_qa/llama_3.1_70B_dpo_resist_limited_filtered_big_42_seed/checkpoint-100,NQ1,logical,0.3719806763285024,1.5714285714285714,4,1,281,77,130,100;100;100;0;0;100;1;0;1;2;1;100;0;100;100;0;2;0;100;100;0;0;4;2;0;0;0;4;0;0;0;0;0;0;0;100;1;0;0;0;0;0;0;100;0;0;100;2;0;1;100;100;100;0;0;0;100;100;0;0;0;100;0;0;0;3;100;100;0;100;0;0;0;0;0;0;100;0;0;100;0;0;0;2;1;2;0;0;0;100;100;100;3;100;0;0;3;100;100;100;0;1;0;0;100;0;2;0;0;100;0;0;0;0;100;0;1;0;0;0;0;0;0;100;100;0;0;100;100;0;0;0;2;0;100;0;0;0;2;1;0;0;0;0;0;0;0;0;1;0;100;0;0;100;100;0;0;100;100;0;100;0;0;0;100;1;0;100;100;0;0;1;100;0;0;0;0;100;1;100;0;0;100;3;0;0;0;0;0;100;0;3;100;1;0;2;100;2;100;3;0;0;1;1;100;0;0;3;0;0;0;0;100;0;1;0;2;0;0;0;100;0;100;0;0;0;2;100;0;1;0;0;0;2;0;0;100;100;1;100;0;0;100;0;0;0;100;0;0;0;100;0;0;100;0;0;0;1;0;100;100;0;0;0;100;0;0;0;0;0;0;1;0;100;0;0;1;1;100;100;100;100;0;0;1;100;3;0;0;2;0;0;0;0;0;0;0;0;1;100;0;0;0;0;0;100;0;100;3;100;0;100;0;100;0;1;0;0;0;100;100;1;0;0;100;0;100;0;0;0;0;1;0;0;0;0;100;0;1;0;0;0;0;100;100;100;1;0;0;0;0;0;100;0;0;0;2;0;0;100;1;100;0;0;0;0;1;100;1;0;0;100;0;0;1;0;0;1;0;0;0;100;0;100;0;0;0;0;0;100;0;100;100;0;0;0;100;100;0;1;2;0;0;100;0;1;2;0;0;100;0;1;0;0;0;1;100;0;100;100;0;100;100;1;100;1;0;0;100;0;0;0;0;0;100;0;0;0;1;0;1;0;0;0;3;100;100;0;0;0;1;0;100;100;0;0;0;1;100;100;100;100;100;0;0;0;100;0;100;100;100;0;0;0;0;0;100;1;100;0;100;0;0;0;1;100;100;0,207;160;141;131;129
