model,dataset,passage,SR,meanT,maxT,minT,wa,pd,npd,persuasion_counts,correct_num
/data/huggingface/models--mistralai--Mistral-7B-Instruct-v0.2/snapshots/36d7e540e651b68dac59394d9c3381651df7fb01/,NQ1,logical,0.48917748917748916,1.6194690265486726,4,1,257,113,118,0;1;0;1;2;100;1;0;0;100;1;100;0;0;100;0;100;0;0;1;1;0;0;100;1;0;0;100;100;0;0;2;3;0;100;100;100;2;100;100;1;0;1;100;100;0;100;2;100;1;100;4;3;2;1;0;100;4;2;0;1;100;0;0;0;100;2;100;0;100;0;0;0;2;0;0;1;100;0;0;0;2;1;0;100;0;0;1;0;100;2;100;100;0;0;0;100;100;1;2;2;0;1;0;0;0;100;0;2;0;0;1;0;100;100;100;0;0;4;0;0;0;2;0;100;0;0;1;0;0;2;0;0;100;0;0;0;2;2;1;0;0;100;0;100;100;3;0;2;100;100;0;0;1;100;0;0;0;100;0;100;1;0;0;0;100;0;0;0;0;0;0;0;0;100;0;1;0;100;0;0;0;0;0;0;0;0;0;0;100;0;100;0;100;1;0;1;0;0;1;0;0;100;100;0;0;1;0;0;1;0;0;100;0;0;100;100;0;4;0;4;1;1;0;0;100;0;0;2;100;100;0;100;100;0;100;100;0;1;100;100;0;100;2;0;0;100;1;2;0;100;0;100;0;0;2;2;2;3;0;100;0;0;0;100;0;2;100;0;100;0;100;0;100;0;0;0;100;0;100;100;0;2;1;1;2;0;0;0;2;0;2;0;0;0;100;100;0;100;0;100;0;0;0;0;1;1;0;0;100;0;1;0;2;0;1;2;0;2;100;100;100;2;0;1;1;2;0;1;0;0;100;0;100;0;0;2;0;100;0;1;0;0;100;0;0;100;1;0;0;0;0;100;0;0;0;0;0;0;1;0;100;0;0;0;0;0;100;0;0;0;100;0;0;0;2;0;0;0;0;0;0;100;100;2;0;0;0;0;100;0;1;0;0;0;1;0;100;0;100;3;0;0;0;0;100;0;0;0;1;0;100;100;0;0;100;100;1;0;1;0;0;100;1;100;0;0;0;1;2;0;0;0;0;100;0;100;0;1;4;100;0;2;0;1;1;0;0;0;0;100;100;0;2;0;100;1;0;100;1;0;0;2;1;0;0;0;0;0;100;0;0;0;1;1;0;0;2;100;0;100;0;100;0;0;0;1;100,231;123;69;65;66
