model,dataset,passage,SR,meanT,maxT,minT,wa,pd,npd,persuasion_counts,correct_num
/nas-ssd2/esteng/trained_calibration/dialogue_models/trivia_qa/llama_3.1_70B_dpo_agree_filtered_big_42_seed/checkpoint-50,NQ2,logical,0.8105849582172702,1.8144329896907216,4,1,130,291,68,2;0;2;2;4;3;2;1;2;100;2;0;1;2;1;2;100;3;1;100;2;3;1;1;2;2;100;1;2;1;3;1;1;1;3;0;2;100;4;0;1;0;1;0;2;100;100;1;3;3;2;1;2;2;1;0;1;0;2;1;100;100;1;1;0;2;0;3;1;1;100;100;0;2;0;0;1;1;1;0;1;1;1;3;0;1;1;100;100;2;2;2;1;2;100;3;2;1;1;0;2;2;0;3;2;2;4;0;2;1;100;100;2;1;0;0;3;0;0;4;1;0;100;1;1;0;1;0;2;2;0;0;2;1;1;1;1;1;1;1;100;4;0;2;2;2;0;1;100;0;100;1;3;1;2;3;2;0;2;2;2;0;1;1;0;100;0;0;0;1;4;0;0;1;0;3;0;1;1;0;1;0;1;0;2;2;0;0;2;0;0;0;2;2;1;1;0;100;2;3;0;100;2;4;100;2;1;0;100;2;3;0;1;100;0;1;2;1;2;0;0;2;100;0;4;3;100;0;100;1;0;2;2;2;3;100;1;0;2;2;1;2;4;2;1;100;1;0;100;1;0;1;100;1;1;0;1;2;2;3;1;0;2;2;0;2;100;0;0;0;2;0;100;0;0;3;0;2;0;4;1;1;1;2;100;100;1;2;1;100;1;0;2;100;0;1;0;100;0;1;3;0;100;2;2;0;0;0;0;1;0;1;1;2;0;100;2;2;100;1;1;1;0;3;2;2;100;1;3;2;2;1;1;3;1;2;3;1;0;2;1;0;2;0;1;4;0;2;100;2;2;100;0;0;2;0;100;0;0;1;1;1;1;2;100;100;0;1;100;100;1;4;1;0;0;100;1;100;4;0;0;2;2;0;2;3;2;2;2;100;0;0;0;3;0;4;0;0;1;4;0;3;2;0;2;4;2;0;0;3;2;2;3;0;1;100;2;100;3;3;0;2;2;2;2;0;1;1;100;1;3;0;0;0;100;0;4;0;1;1;100;0;2;1;3;100;1;1;0;0;100;1;0;1;3;0;2;2;2;100;100;1;1;3;1;0;100;1;0;1;100;1;2;0;100;0;0;100;1;1;2;2;0;100;0;1;2;1;0,359;234;122;85;68
