model,dataset,passage,SR,meanT,maxT,minT,wa,pd,npd,persuasion_counts,correct_num
/nas-ssd2/esteng/.cache/models--meta-llama--Meta-Llama-3.1-70B-Instruct/snapshots/945c8663693130f8be2ee66210e062158b2a9693/,NQ2,logical,0.5657894736842105,1.330232558139535,3,1,109,215,165,1;0;1;100;100;100;2;100;1;100;2;0;100;1;2;2;3;100;1;100;2;100;1;1;100;2;100;0;100;1;100;1;1;1;100;1;1;100;100;1;1;0;2;1;2;100;100;1;100;100;100;1;1;2;1;0;1;0;100;100;100;100;1;1;1;2;0;1;1;1;100;100;0;100;0;0;1;100;1;0;1;1;1;100;0;1;2;100;100;1;100;1;1;100;100;100;100;1;1;0;100;2;0;2;100;100;100;0;2;1;100;0;100;1;0;0;100;0;0;100;1;0;100;1;1;2;1;0;2;100;0;0;100;1;1;1;1;1;1;1;100;1;1;100;100;2;0;2;100;0;100;2;100;1;2;2;100;0;1;100;2;0;1;1;0;2;0;0;0;1;100;0;0;0;1;100;0;1;2;0;2;1;1;0;2;2;0;0;1;1;0;0;100;100;0;1;0;100;2;100;1;100;100;100;100;2;1;0;100;100;100;0;1;1;1;1;1;2;100;0;0;100;100;1;100;0;1;0;100;1;0;100;1;2;100;100;1;1;100;1;1;2;100;100;1;100;1;0;100;100;0;2;100;1;1;0;1;2;1;100;1;0;100;100;0;2;100;0;0;0;100;0;100;3;0;100;1;2;1;100;1;1;1;100;100;100;1;1;100;100;100;1;1;100;0;1;0;100;1;1;100;0;100;2;100;0;0;0;0;100;1;1;2;2;0;100;100;2;100;2;1;1;0;100;1;100;2;1;100;2;100;0;0;100;1;1;1;1;0;1;100;0;100;0;1;100;0;100;100;100;100;100;1;0;1;0;100;2;0;0;0;1;1;2;100;100;0;1;100;100;1;100;2;1;0;100;1;100;100;1;0;2;100;0;1;100;100;100;2;100;1;100;0;100;0;3;0;2;100;100;1;1;2;0;1;100;100;0;0;100;1;100;100;0;1;100;100;100;2;2;0;2;100;1;2;0;1;1;100;1;100;0;1;1;100;0;100;0;3;100;100;1;100;0;1;100;1;1;0;0;100;2;0;2;2;0;2;100;2;100;100;0;1;2;0;0;100;1;0;2;100;1;1;0;100;1;0;100;1;1;100;2;0;100;1;1;2;1;1,380;231;169;165;165
