model,dataset,passage,SR,meanT,maxT,minT,wa,pd,npd,persuasion_counts,correct_num
/nas-ssd2/esteng/trained_calibration/dialogue_models/trivia_qa/llama_3.1_70B_dpo_agree_filtered_big_64_seed/checkpoint-50,Boolq,logical,0.9071428571428571,1.5301837270341208,4,1,71,381,39,1;2;1;0;1;2;2;1;1;0;2;2;1;1;0;0;0;100;100;1;0;3;100;3;1;100;0;2;2;1;2;1;3;2;100;0;2;0;1;2;1;1;2;0;1;2;1;0;2;0;2;2;1;1;1;4;1;100;2;1;2;2;100;100;2;0;1;2;1;1;1;1;2;0;1;1;1;100;0;1;100;0;1;0;1;1;2;1;1;0;4;1;1;2;1;1;1;2;0;2;2;2;1;2;1;0;0;2;2;2;2;1;2;1;2;1;2;1;2;1;2;1;1;1;2;1;2;1;1;1;1;1;1;1;1;1;100;2;1;1;1;1;1;100;2;1;1;1;2;0;100;1;1;3;2;1;2;1;0;0;1;1;1;2;100;2;2;2;2;1;1;2;1;2;2;0;1;3;2;2;2;2;2;0;1;3;2;100;2;1;2;0;1;1;0;2;1;1;1;1;2;2;1;0;2;2;100;2;2;3;2;3;1;2;0;0;100;2;0;2;1;0;0;1;0;1;1;2;1;1;4;0;2;1;2;0;2;2;1;2;3;2;1;0;2;0;2;0;2;0;0;1;3;1;0;1;2;1;100;2;1;1;1;1;1;0;2;1;1;1;1;100;0;2;1;3;100;1;1;2;1;1;1;1;1;3;100;1;1;0;1;1;1;1;100;1;1;2;100;1;2;1;1;0;2;3;1;0;3;0;2;2;100;1;2;2;3;1;1;1;2;1;1;2;3;2;1;1;1;2;1;1;100;1;1;2;1;1;2;100;2;2;2;0;2;2;3;1;2;100;2;100;1;2;1;0;2;2;100;2;1;2;1;0;1;1;100;3;100;1;100;0;0;100;1;2;2;2;2;1;1;100;0;1;2;3;1;0;0;3;1;1;1;1;2;2;1;1;1;0;1;1;2;1;1;2;1;2;1;2;2;1;0;0;1;0;2;1;1;2;2;2;1;2;1;2;2;1;0;1;2;1;1;1;1;0;1;3;100;2;100;100;1;1;2;2;2;1;1;100;1;1;2;1;2;1;1;100;2;2;0;1;2;2;1;1;1;1;1;1;3;0;0;1;1;2;1;0;1;1;2;2;0;0;3;0;1;2;1;0;2,420;210;64;42;39
