model,dataset,passage,SR,meanT,maxT,minT,wa,pd,npd,persuasion_counts,correct_num
/nas-ssd2/esteng/trained_calibration/dialogue_models/trivia_qa/llama_3.1_70B_combo_dpo_limited_filtered_big_64_seed/checkpoint-101,Boolq,logical,0.3501199040767386,1.5068493150684932,4,1,74,146,271,2;0;100;0;100;100;100;1;100;0;100;0;0;1;2;0;1;100;100;0;0;0;100;100;1;100;1;100;100;2;100;100;100;100;100;0;100;0;1;100;100;100;100;100;3;100;100;0;2;0;100;100;2;4;1;100;1;100;100;1;100;4;100;100;100;0;100;100;100;1;100;100;100;0;1;100;100;100;0;1;100;0;2;0;100;100;100;1;2;1;1;2;100;100;100;100;0;100;1;2;100;2;0;100;1;1;0;100;3;100;1;2;100;100;100;100;100;1;100;1;2;1;100;100;100;100;100;1;100;100;100;100;1;100;1;1;100;100;0;1;0;1;1;100;100;1;1;2;100;1;100;1;100;100;0;100;100;1;0;0;100;100;1;100;100;100;4;0;100;100;2;100;100;100;100;0;1;100;100;2;100;2;100;0;1;100;2;100;100;100;100;0;0;1;0;100;100;0;1;2;100;100;100;0;100;100;100;100;100;100;100;100;0;100;0;0;100;100;1;100;100;1;0;1;1;1;1;100;1;1;100;100;100;100;100;1;100;100;1;100;100;100;100;0;100;0;100;0;100;0;2;100;100;100;0;100;100;0;100;1;1;0;0;1;1;0;4;3;1;100;1;100;0;100;0;100;0;1;1;100;1;1;100;100;1;100;100;2;1;0;2;1;0;4;100;100;100;100;100;2;100;0;100;100;100;100;100;0;100;0;100;100;100;4;100;100;100;1;3;4;100;1;2;100;100;100;1;0;100;100;1;100;100;100;100;100;3;1;100;100;100;100;100;0;100;100;100;1;100;100;100;100;100;100;1;0;100;100;100;100;100;100;100;1;100;1;100;100;100;100;100;0;0;100;0;2;100;100;100;100;1;100;1;2;100;100;100;0;100;100;0;1;100;1;100;100;0;100;100;1;2;100;100;1;3;100;1;100;2;100;100;1;0;2;2;1;100;1;100;100;100;3;100;100;100;100;100;100;0;0;2;4;1;1;1;100;1;100;100;100;100;100;2;100;100;100;100;1;100;100;2;100;100;1;100;2;100;100;100;100;0;1;100;100;100;1;1;1;100;3;100;1;0;1;1;100;100;0;1;100;100;100;0;0;100;0;2;1;100;0;100,417;320;287;279;271
