model,dataset,passage,SR,meanT,maxT,minT,wa,pd,npd,persuasion_counts,correct_num
/nas-ssd2/esteng/trained_calibration/dialogue_models/trivia_qa/llama_3.1_70B_dpo_resist_limited_filtered_big_64_seed/checkpoint-50,Boolq,logical,0.24054054054054055,1.0449438202247192,2,1,121,89,281,0;0;100;100;100;100;100;100;100;100;0;0;0;0;100;100;100;1;100;100;100;0;100;100;0;100;100;100;100;1;1;100;100;100;100;100;100;100;0;100;100;100;1;100;100;100;100;100;1;100;100;1;0;0;100;100;1;100;1;100;100;100;100;1;100;100;0;100;100;100;100;100;1;0;100;0;1;100;0;100;100;0;100;100;100;100;100;0;100;100;100;1;100;100;100;100;0;100;100;100;1;100;0;2;0;100;0;1;1;0;1;100;2;100;100;100;1;0;100;0;1;100;1;0;1;100;1;100;100;1;100;100;0;100;100;100;100;100;0;100;100;0;0;1;1;0;100;1;1;100;0;0;100;1;0;1;1;100;0;100;100;100;0;1;100;100;0;0;100;100;100;1;100;1;1;100;0;100;1;0;100;100;100;0;100;0;1;100;100;100;100;0;0;100;100;100;100;100;100;100;1;100;100;100;1;1;100;100;100;100;100;100;0;0;0;100;1;100;100;0;1;100;0;100;100;0;100;1;0;0;100;100;100;100;100;100;1;100;0;0;1;0;0;100;100;0;100;100;100;100;100;100;100;1;0;100;100;0;100;1;100;0;0;100;100;100;100;100;0;1;100;100;100;0;0;1;0;100;0;100;0;0;100;0;100;0;1;100;100;100;1;100;100;100;0;100;1;100;100;100;0;0;1;100;100;1;100;100;1;100;100;1;100;0;0;1;100;0;0;100;100;1;1;100;100;1;0;0;0;100;100;100;100;0;1;100;1;100;1;100;100;0;0;100;100;2;100;0;1;0;100;100;100;0;0;100;100;100;100;100;0;100;100;100;100;0;100;100;100;100;1;100;100;100;0;0;100;0;1;100;100;2;100;0;100;100;100;0;100;100;0;0;100;100;100;1;0;0;0;100;0;100;1;0;100;100;0;1;100;100;100;0;0;100;0;100;1;100;100;1;0;1;1;1;100;100;100;1;100;100;1;0;100;0;0;100;100;100;100;0;100;0;1;100;0;1;100;1;100;100;0;100;100;100;100;0;0;1;100;1;100;100;100;1;100;100;100;0;100;100;1;100;0;0;100;1;100;0;100;1;1;100;100;100;100;0;100;0;1;0;100,370;267;263;263;263
