model,dataset,passage,SR,meanT,maxT,minT,wa,pd,npd,persuasion_counts,correct_num
/nas-ssd2/esteng/trained_calibration/dialogue_models/trivia_qa/llama_3.1_8B_dpo_agree_filtered_big_64_seed/checkpoint-152,Boolq,logical,0.8983050847457628,1.3245283018867924,3,1,196,265,30,0;0;1;0;1;0;0;1;1;1;0;100;0;0;1;1;1;1;3;0;1;100;100;1;0;100;1;2;0;2;0;1;0;2;2;1;2;1;0;1;1;1;0;1;1;1;1;0;100;1;1;0;0;0;1;2;1;100;0;1;1;2;1;3;2;0;0;0;100;1;1;1;0;0;0;2;0;0;0;1;0;0;0;1;1;1;0;0;1;1;1;0;1;0;1;1;0;1;1;0;0;0;0;0;0;1;0;0;0;2;0;1;0;1;1;1;0;0;0;0;2;1;0;2;0;0;2;1;1;0;1;1;0;1;1;1;2;1;0;1;0;0;0;2;1;2;0;0;0;1;0;0;1;0;2;1;100;2;1;1;0;1;0;0;2;0;100;0;3;1;1;2;1;0;0;0;0;1;0;0;3;1;2;1;1;0;100;100;1;100;1;1;1;2;0;1;1;1;1;1;0;0;1;1;2;1;2;2;0;100;2;100;0;0;0;1;2;1;1;1;0;1;0;1;1;0;1;2;2;0;1;1;1;1;100;1;0;1;0;0;0;3;0;1;2;0;1;1;1;1;1;2;0;2;1;1;0;0;1;0;1;0;0;0;1;1;3;0;0;100;1;2;1;0;0;0;100;1;2;0;0;0;1;0;1;0;0;1;1;1;1;1;2;1;100;1;0;2;1;1;0;0;2;1;2;0;0;1;0;1;1;0;100;0;0;2;1;1;0;1;2;0;2;1;100;0;0;0;0;1;0;1;1;2;100;1;2;1;2;0;1;100;0;1;0;0;0;1;0;0;0;2;1;2;0;1;1;2;1;2;0;1;2;1;1;2;2;2;1;0;3;1;2;0;0;0;1;0;0;1;1;100;1;0;0;0;1;1;1;0;100;0;1;1;1;2;0;0;0;1;0;1;0;0;1;0;1;0;1;0;2;0;0;1;2;1;0;1;1;100;0;100;0;2;0;100;0;3;1;1;0;0;2;0;0;0;1;0;2;0;2;0;0;1;0;0;0;2;1;100;100;1;1;0;0;0;0;2;1;2;0;2;1;2;1;0;1;0;0;2;2;1;0;1;1;0;0;0;1;2;100;0;1;1;3;0;0;0;0;1;1,295;107;39;30;30
