model,dataset,passage,SR,meanT,maxT,minT,wa,pd,npd,persuasion_counts,correct_num
/nas-ssd2/esteng/trained_calibration/dialogue_models/trivia_qa/mistral_v0.2_7B_combo_dpo_limited_filtered_big_64_seed/checkpoint-203,Boolq,logical,0.3300653594771242,1.306930693069307,4,1,185,101,205,100;100;0;0;0;0;100;0;1;0;100;100;0;100;1;0;1;100;100;0;0;0;100;1;0;100;1;2;100;100;0;1;100;1;1;0;2;0;100;0;1;0;0;0;1;3;1;0;100;1;1;0;100;100;0;1;100;100;0;0;2;100;0;4;1;0;100;100;100;1;100;0;0;100;100;100;100;100;100;0;100;100;100;0;1;0;100;100;1;1;0;100;1;100;1;0;100;0;0;100;100;0;100;0;100;0;0;100;100;100;4;0;100;2;0;1;100;100;100;0;100;1;0;100;100;0;100;0;0;100;0;1;100;1;0;0;1;1;100;1;0;100;100;0;2;0;0;100;100;0;100;1;1;0;0;100;100;0;1;0;100;1;100;100;0;100;100;100;0;0;1;100;0;0;100;0;0;1;100;100;1;0;100;0;0;100;100;100;0;100;1;0;0;0;1;0;0;0;0;1;0;100;1;2;100;2;1;0;100;100;100;100;100;100;1;0;0;0;1;100;0;1;0;0;0;100;0;100;100;100;0;0;1;0;100;1;100;0;0;100;100;100;100;0;100;100;1;1;0;0;0;100;2;100;0;2;100;0;0;100;1;0;100;0;0;0;0;100;0;100;0;100;0;100;100;100;2;0;100;100;0;1;0;0;0;0;3;100;2;0;100;1;0;2;100;1;0;100;0;1;100;100;100;0;0;100;100;1;100;0;1;100;100;100;0;100;2;100;0;1;1;100;100;2;100;100;100;1;100;0;0;1;1;100;100;1;100;1;100;0;0;100;100;0;100;100;100;100;100;100;100;100;0;100;100;0;1;100;1;100;0;0;0;0;0;100;100;100;0;0;100;1;1;100;0;0;1;0;0;0;0;0;0;0;100;100;0;0;1;100;0;0;0;1;0;100;100;0;0;1;100;1;100;100;2;100;100;100;1;100;0;4;100;0;0;0;0;0;0;100;0;100;100;100;100;100;100;0;0;100;100;100;0;100;100;0;1;100;1;0;100;0;0;1;100;100;100;100;100;100;0;1;1;0;100;100;100;100;0;0;0;1;1;0;0;100;0;0;100;100;0;0;100;0;0;100;0;100;1;100;100;100;1;0;100;0;100;0;100;4;0,306;209;193;195;198
