model,dataset,passage,SR,meanT,maxT,minT,wa,pd,npd,persuasion_counts,correct_num
/nas-ssd2/esteng/trained_calibration/dialogue_models/trivia_qa/mistral_v0.2_7B_dpo_resist_limited_filtered_big_64_seed/checkpoint-101,Boolq,logical,0.4910941475826972,1.7305699481865284,4,1,98,193,200,0;100;1;100;1;100;100;100;100;2;100;100;100;4;100;1;1;0;2;100;1;100;4;1;0;4;100;0;100;100;100;1;0;1;1;100;2;4;100;100;3;2;0;1;1;1;1;0;0;100;1;100;0;100;0;1;100;0;2;3;100;0;100;0;1;1;100;100;100;1;100;2;0;4;100;0;3;100;100;100;100;0;100;1;1;1;100;0;1;1;1;0;1;100;1;1;0;0;100;100;0;0;100;0;100;1;0;0;4;2;3;100;0;1;1;3;100;100;100;0;100;1;0;100;4;2;0;100;1;100;1;2;100;1;1;2;1;4;1;1;100;100;0;100;3;0;0;100;4;1;0;100;1;100;100;0;100;1;1;100;100;1;0;0;1;100;4;100;0;1;100;1;1;4;100;2;3;1;100;0;1;1;100;1;3;100;100;1;100;100;1;1;0;100;0;1;1;1;1;1;0;2;100;100;100;100;100;4;4;0;0;0;0;100;0;1;100;100;1;100;100;2;100;1;1;100;1;1;100;100;1;100;1;1;0;1;100;100;4;0;100;100;0;100;100;100;1;100;100;1;1;1;100;3;100;1;0;4;100;100;2;0;100;100;2;1;100;100;100;100;100;100;1;100;0;0;0;1;0;100;0;0;1;4;1;0;100;100;100;1;100;100;1;1;100;100;100;0;1;1;100;100;100;1;100;100;100;0;0;1;1;0;100;0;0;4;1;0;0;1;4;100;100;1;100;100;0;100;100;1;100;1;1;2;100;1;0;1;0;1;1;2;100;100;100;100;100;100;2;100;100;0;100;100;100;1;100;100;1;0;0;100;100;1;100;4;4;100;100;100;100;1;1;1;3;100;1;0;0;1;1;100;1;0;100;3;3;4;1;100;100;100;4;100;4;0;100;100;0;1;100;1;100;0;1;100;0;0;4;0;100;0;0;100;1;1;3;1;0;3;100;100;100;4;100;100;0;100;100;100;100;0;0;100;100;2;100;0;100;100;100;0;4;1;0;1;100;100;4;100;100;1;1;1;100;4;100;0;1;100;100;2;1;0;100;100;1;100;100;100;100;1;0;0;1;0;100;4;1;0;0;0;1;1;4;100;100;100;100;3;2,393;124;87;67;72
