model,dataset,passage,SR,meanT,maxT,minT,wa,pd,npd,persuasion_counts,correct_num
/data/huggingface/models--meta-llama--Meta-Llama-3.1-8B-Instruct/snapshots/8c22764a7e3675c50d4c7c9a4edb474456022b16/,Boolq,logical,0.6348314606741573,1.1415929203539823,2,1,135,226,130,1;0;1;1;0;100;100;0;100;0;0;2;1;0;0;0;1;2;100;0;100;2;1;100;1;100;100;100;1;1;100;0;100;100;100;0;100;0;1;0;0;0;1;100;2;0;100;0;1;1;100;2;1;0;2;100;0;100;100;1;100;1;1;1;100;0;2;1;100;100;100;0;100;1;1;0;1;1;0;1;2;0;1;0;1;0;1;0;100;0;100;1;100;2;1;0;0;1;0;0;1;0;1;1;0;0;1;1;0;2;1;0;0;100;100;100;1;1;100;1;1;1;0;1;100;1;1;100;100;100;1;1;1;0;0;1;100;100;0;0;1;0;1;100;1;1;1;1;100;0;0;1;100;1;0;1;1;0;1;100;1;100;0;1;100;100;100;0;1;100;2;1;2;2;2;0;1;100;1;1;100;1;1;0;1;0;2;100;100;100;100;0;0;1;0;0;100;1;1;2;100;100;100;0;1;0;100;1;1;1;1;1;1;1;0;0;1;0;0;1;1;1;0;0;0;0;1;1;1;2;100;0;100;0;2;100;1;100;0;0;0;1;100;0;0;1;1;1;1;0;0;1;1;1;0;0;100;0;100;1;100;0;1;1;100;0;1;1;1;1;1;100;0;0;1;100;100;0;1;100;1;1;100;1;0;1;1;1;100;0;1;1;2;100;2;100;1;1;100;0;0;0;2;0;1;0;0;0;1;0;100;1;100;0;1;1;100;1;0;2;100;1;1;100;100;1;1;0;1;100;0;1;100;1;100;100;1;2;1;100;100;1;1;0;1;2;100;1;100;1;1;1;100;0;1;0;100;1;100;1;1;100;100;0;0;100;2;2;100;2;1;2;1;100;0;0;100;1;1;0;100;1;1;1;1;100;100;0;0;100;0;1;0;1;100;1;1;0;0;0;0;100;1;0;1;100;1;1;2;1;100;0;0;100;1;1;100;1;0;1;0;100;1;100;1;100;0;1;1;1;100;1;1;0;1;0;100;100;100;1;2;100;100;1;100;1;100;2;100;1;1;100;100;1;1;1;1;1;0;1;0;100;100;0;0;100;100;1;1;2;1;1;0;1;0;0;1;0;0;1;100;1;0;0;1;1;1;0;0;1;100,356;161;129;129;128
