model,dataset,passage,SR,meanT,maxT,minT,wa,pd,npd,persuasion_counts,correct_num
/nas-ssd2/esteng/trained_calibration/dialogue_models/trivia_qa/mistral_v0.2_7B_dpo_agree_filtered_big_64_seed/checkpoint-50,Boolq,logical,0.39420289855072466,1.213235294117647,4,1,146,136,209,100;100;0;0;1;100;100;1;2;1;100;100;0;100;0;1;1;100;100;0;0;0;100;1;0;100;1;1;100;100;100;1;100;1;100;0;1;0;100;0;0;0;100;1;1;1;0;0;100;0;1;0;0;0;0;1;0;100;100;0;0;100;100;100;2;0;100;100;100;1;1;0;100;0;100;0;100;100;100;1;100;100;100;1;0;1;100;100;1;1;1;100;1;100;0;1;100;100;1;100;100;0;0;0;0;1;0;100;100;100;100;0;100;100;1;0;1;100;100;0;4;1;0;100;0;100;100;0;0;100;0;0;100;1;0;0;2;1;100;0;0;100;100;0;100;100;100;100;100;1;100;100;1;2;0;100;100;0;0;0;100;2;0;100;1;100;100;100;100;0;1;100;0;100;100;0;100;1;100;0;1;1;100;0;0;1;100;100;1;100;100;0;0;0;0;0;0;0;0;1;0;100;1;1;100;2;100;0;100;3;100;100;100;100;0;0;0;100;1;100;100;1;0;1;0;100;0;100;100;100;0;0;1;0;100;2;100;1;0;100;100;100;100;0;100;0;0;1;100;1;1;100;1;100;0;2;100;0;1;100;1;100;0;0;1;0;100;100;0;100;0;100;0;0;100;100;100;0;100;100;100;100;1;4;0;0;100;0;1;1;100;1;0;2;100;1;100;100;1;1;100;1;100;1;1;0;100;1;4;0;1;100;100;0;0;100;1;100;0;1;1;100;100;1;100;100;100;0;100;0;0;1;2;100;100;1;0;1;100;1;1;100;100;0;0;100;100;1;100;100;0;100;2;1;1;1;1;100;1;100;0;0;1;1;0;100;100;100;2;100;100;1;1;100;0;100;1;100;0;1;1;100;0;100;100;100;0;0;1;100;0;0;1;1;0;100;100;0;0;1;1;0;100;0;1;100;100;100;1;100;0;0;100;1;0;1;100;1;0;100;0;100;0;100;1;100;100;100;1;100;0;100;100;100;100;1;100;100;1;100;100;100;2;0;100;100;100;0;2;100;0;2;1;1;100;100;0;2;1;0;0;1;1;0;0;100;1;0;100;100;0;1;0;0;1;100;100;3;1;100;100;100;0;1;100;0;100;100;0;100;0,345;217;185;190;198
