model,dataset,passage,SR,meanT,maxT,minT,wa,pd,npd,persuasion_counts,correct_num
/nas-ssd2/esteng/.cache/models--meta-llama--Meta-Llama-3.1-70B-Instruct/snapshots/945c8663693130f8be2ee66210e062158b2a9693/,NQ1,logical,0.7597911227154047,1.5670103092783505,4,1,105,291,92,1;0;1;1;100;1;3;1;1;1;2;3;1;1;100;1;100;2;100;2;100;2;1;100;1;100;0;1;2;1;1;1;2;2;2;100;100;1;1;0;1;2;1;100;100;1;2;100;2;1;2;2;1;1;1;0;2;2;100;2;1;1;0;2;2;1;1;1;0;2;1;0;2;2;1;0;100;2;1;100;0;1;1;100;100;100;100;100;1;2;100;3;2;1;2;0;1;2;2;1;3;1;100;0;1;1;1;0;2;2;0;0;100;0;0;100;1;0;1;3;1;100;0;100;1;0;0;1;1;2;1;2;1;1;100;1;2;100;100;1;0;2;2;0;100;1;3;2;1;4;2;0;1;1;100;1;0;1;2;0;1;0;0;0;1;1;0;0;0;1;0;1;2;0;2;1;1;0;2;1;0;0;2;1;0;0;2;1;0;100;0;100;2;100;1;100;100;3;2;1;2;0;1;100;100;0;1;2;0;1;1;1;2;0;1;3;100;1;100;0;1;2;100;1;0;1;2;3;1;100;3;1;100;1;2;1;100;100;1;2;1;0;2;2;0;2;100;2;1;0;1;1;1;2;0;0;100;100;0;2;3;0;0;0;1;0;100;3;0;1;2;100;1;3;2;2;1;1;1;100;4;3;1;2;2;2;2;1;1;100;0;1;0;100;1;1;100;0;100;2;3;0;0;0;0;1;1;2;1;3;0;1;100;100;100;1;2;1;0;3;1;1;1;1;100;1;100;0;1;1;3;1;2;1;0;2;100;0;100;0;2;100;0;2;100;100;2;100;1;0;1;0;100;1;0;0;0;1;1;2;100;1;0;1;2;100;1;2;1;1;0;100;1;100;100;2;0;100;100;0;2;100;4;100;1;2;1;100;0;2;0;2;2;0;1;2;3;100;0;100;1;1;2;0;2;100;2;0;0;2;1;2;2;0;1;4;1;100;1;2;0;2;100;1;3;4;1;1;100;2;100;0;0;1;100;0;100;0;1;1;3;1;2;0;3;100;1;2;0;0;2;0;1;1;0;2;100;2;100;100;0;1;4;0;0;1;100;0;1;3;1;1;0;2;2;0;1;1;2;1;2;0;100;1;1;2;1;1,383;174;109;95;89
