model,dataset,passage,SR,meanT,maxT,minT,wa,pd,npd,persuasion_counts,correct_num
/data/huggingface/models--meta-llama--Meta-Llama-3.1-8B-Instruct/snapshots/8c22764a7e3675c50d4c7c9a4edb474456022b16/,NQ1,logical,0.7552447552447552,1.2546296296296295,4,1,202,216,70,0;1;1;1;2;2;0;0;0;100;2;100;1;1;100;0;100;0;100;1;1;0;0;1;100;0;0;1;1;0;0;1;0;0;2;1;100;0;0;2;1;1;1;4;100;1;100;100;1;2;1;1;1;0;1;0;1;100;0;0;1;1;1;1;1;0;1;1;0;2;0;0;0;0;0;0;0;1;0;3;1;0;1;0;100;1;1;0;0;2;100;1;1;0;1;0;1;1;1;1;2;1;100;1;2;1;2;0;1;2;0;0;1;1;100;100;0;0;100;0;0;0;0;100;1;0;0;100;0;1;0;2;0;0;100;0;0;100;1;0;1;0;100;0;1;1;2;1;1;100;1;1;0;0;1;1;0;1;0;0;1;0;0;0;0;1;0;0;0;2;0;1;0;0;100;0;0;0;1;1;0;0;0;1;0;1;1;0;0;1;0;0;1;1;0;2;100;1;1;0;0;0;100;100;1;0;100;0;0;1;0;0;0;0;0;1;0;0;1;0;1;1;2;0;0;2;0;2;0;2;1;0;100;1;0;1;100;1;1;100;1;0;3;1;1;0;100;1;0;0;100;0;2;1;0;1;100;100;0;1;1;0;0;0;0;0;100;1;2;1;0;100;0;2;1;0;1;0;1;100;2;0;0;2;1;1;1;0;1;100;1;1;1;1;0;1;100;0;1;2;1;2;2;0;1;2;0;0;1;3;100;2;0;100;0;1;1;1;1;2;0;2;0;0;100;1;100;0;1;1;1;1;1;1;1;1;0;0;100;0;2;100;0;1;1;0;100;1;0;0;1;0;1;0;0;0;1;0;0;2;100;2;0;1;1;1;1;1;0;0;0;1;0;100;1;0;0;0;0;0;0;2;1;100;100;2;0;0;0;2;0;2;2;0;0;1;0;100;0;100;1;2;0;1;0;100;0;1;0;1;0;2;100;0;1;100;1;1;1;0;0;1;100;0;100;0;0;0;0;1;0;1;1;0;100;0;100;0;1;1;100;0;2;0;0;100;0;0;0;1;0;100;100;100;0;1;100;2;100;1;1;1;1;2;0;1;0;0;1;100;1;0;0;0;0;0;2;1;100;0;1;0;100;0;0;1;1;1,286;111;72;69;68
