model,dataset,passage,SR,meanT,maxT,minT,wa,pd,npd,persuasion_counts,correct_num
/nas-ssd2/esteng/trained_calibration/dialogue_models/trivia_qa/llama_3.1_70B_dpo_agree_filtered_big_64_seed/checkpoint-50,NQ2,logical,0.8162729658792651,1.720257234726688,4,1,108,311,70,1;0;2;2;4;4;2;1;1;4;2;0;100;2;0;2;2;2;2;100;2;3;1;1;2;4;100;0;2;1;2;1;1;1;100;0;2;4;100;1;1;0;1;0;2;100;100;3;4;3;2;1;1;2;1;1;1;0;2;2;100;100;1;1;2;1;0;3;1;2;100;100;0;2;1;0;1;1;1;0;1;1;1;100;0;1;1;2;100;2;100;2;1;2;100;2;2;1;1;0;2;2;0;2;2;2;4;0;2;1;100;0;3;1;0;2;2;0;0;100;0;0;100;1;1;1;1;0;2;2;0;1;2;1;1;2;2;1;1;1;100;2;1;2;2;2;0;1;100;0;100;1;2;2;2;3;2;0;1;2;2;2;1;1;0;2;0;1;0;100;4;0;0;2;0;100;0;1;2;0;1;0;2;0;1;2;0;0;2;2;0;0;0;2;0;0;0;100;2;2;1;100;2;4;100;1;3;0;100;2;100;0;1;2;0;1;1;1;3;0;0;2;100;1;3;0;2;1;100;1;0;2;2;2;3;100;1;1;3;1;1;2;100;2;1;2;1;0;100;1;0;2;100;1;1;0;2;2;2;4;1;0;100;2;0;2;3;0;0;0;2;0;3;0;0;2;0;2;1;2;1;1;1;2;100;100;1;1;2;100;2;1;2;100;0;1;0;100;0;2;2;0;100;2;2;0;0;0;0;1;0;1;2;2;0;2;2;2;100;1;1;1;0;100;100;2;3;2;2;2;3;1;1;2;1;2;1;0;0;1;2;0;3;0;1;100;0;2;100;2;2;100;1;0;1;0;100;2;1;1;1;1;1;1;100;4;0;1;100;100;1;3;1;0;1;100;1;100;100;0;0;2;2;0;1;3;2;100;2;100;1;4;0;2;0;3;0;1;1;100;1;1;2;0;2;3;4;0;0;2;1;2;100;0;1;100;2;100;2;2;2;2;2;1;2;1;1;2;100;1;3;0;0;2;100;0;3;0;3;1;100;1;2;1;1;100;1;1;0;0;100;1;0;1;2;0;2;100;2;100;100;1;2;2;1;0;2;1;0;2;3;1;1;0;100;0;0;2;1;1;2;2;0;100;1;1;2;1;1,381;244;107;83;70
