model,dataset,passage,SR,meanT,maxT,minT,wa,pd,npd,persuasion_counts,correct_num
/nas-ssd2/esteng/.cache/models--mistralai--Mistral-7B-Instruct-v0.2/snapshots/b70aa86578567ba3301b21c8a27bea4e8f6d6d61/,NQ2,logical,0.5062761506276151,1.5950413223140496,4,1,250,121,118,0;1;0;4;1;100;2;0;0;100;2;0;100;0;0;1;0;100;2;0;100;1;0;0;4;100;0;0;100;100;1;0;0;4;1;0;1;100;100;2;3;2;100;0;100;100;100;1;100;100;100;1;1;2;1;100;1;0;100;100;1;0;1;2;1;100;0;0;0;100;100;100;0;100;0;0;0;100;0;0;1;4;0;0;0;1;1;0;100;0;0;1;0;2;100;100;100;0;0;0;100;100;1;1;100;0;100;0;0;0;100;0;100;0;0;1;0;100;1;100;0;0;1;0;2;0;0;1;0;2;0;0;1;0;0;1;0;1;0;100;0;0;0;100;100;1;0;0;100;0;1;100;4;0;100;1;2;0;1;100;0;0;0;1;0;100;2;0;0;0;100;0;0;0;0;0;0;0;0;0;100;0;1;0;2;0;0;2;0;0;0;0;0;0;0;1;0;100;0;4;1;0;100;0;0;1;0;0;100;100;0;0;1;0;0;100;0;0;100;0;0;100;100;0;100;0;100;1;1;0;0;2;0;0;1;4;100;0;100;100;0;100;100;0;4;1;1;0;100;100;0;0;1;4;100;0;1;0;1;0;0;1;100;100;1;0;2;0;0;0;1;0;100;100;0;1;0;100;0;1;0;0;0;100;100;2;0;100;100;2;100;0;0;2;0;1;0;0;0;1;100;0;1;0;100;0;1;0;0;1;1;0;0;100;0;1;0;100;0;1;1;0;100;100;1;100;100;0;100;1;100;0;100;0;0;1;0;0;0;0;1;0;100;0;100;0;0;2;0;0;100;2;0;0;0;0;100;0;0;0;0;0;0;4;0;1;0;0;0;0;0;100;0;0;0;100;0;0;0;1;0;0;0;0;0;0;100;100;2;0;0;0;0;100;0;4;0;0;0;100;100;0;0;0;0;1;1;0;0;100;0;100;100;0;0;100;100;2;0;100;0;0;100;100;100;0;0;0;1;1;0;0;0;0;100;0;2;0;3;100;100;0;100;0;100;1;0;0;0;0;100;2;100;0;2;0;2;1;0;100;2;0;0;4;3;0;0;0;0;0;1;0;0;0;100;1;0;0;2;1;0;100;0;100;0;0;0;2;1,239;161;133;130;117
