model,dataset,passage,SR,meanT,maxT,minT,wa,pd,npd,persuasion_counts,correct_num
/nas-ssd2/esteng/trained_calibration/dialogue_models/trivia_qa/mistral_v0.2_7B_dpo_agree_filtered_big_12_seed/checkpoint-50,Boolq,logical,0.7226890756302521,1.6046511627906976,4,1,134,258,99,100;0;0;0;1;100;100;1;2;1;100;100;0;100;0;1;1;1;2;0;0;0;100;1;0;100;1;1;2;2;2;1;100;2;100;0;1;0;2;0;0;0;100;1;1;1;0;0;100;0;1;0;100;1;0;1;0;100;100;0;0;2;100;4;0;0;2;100;100;1;1;0;2;0;2;1;100;2;1;1;1;2;1;1;0;1;2;2;1;1;1;100;1;2;0;1;2;1;1;3;2;0;2;0;0;1;0;100;1;100;2;0;1;100;1;0;1;3;100;0;100;1;0;2;0;2;1;1;0;100;0;0;100;1;0;0;100;3;2;0;0;3;1;2;3;2;1;3;100;1;100;2;1;2;100;2;2;0;0;0;1;1;100;4;1;100;2;100;2;0;1;100;0;2;100;0;1;2;2;0;1;0;3;0;0;1;1;3;1;100;100;0;0;100;1;0;0;0;0;1;0;100;1;1;4;2;100;0;100;1;1;100;2;2;0;0;100;2;1;1;100;1;0;1;0;1;0;2;2;100;0;0;1;0;100;1;2;2;0;3;3;2;2;0;2;0;1;1;2;0;1;2;0;2;0;2;100;2;1;100;2;0;1;100;1;0;4;100;2;2;0;100;0;2;100;2;2;0;2;100;1;100;1;2;0;0;2;0;1;1;2;1;0;2;3;1;2;2;0;1;4;1;100;0;0;0;1;1;2;0;1;1;2;2;100;100;1;1;0;1;0;100;2;1;100;2;100;2;100;0;0;0;1;100;100;0;0;1;100;0;1;2;100;0;0;1;100;1;100;100;0;1;1;1;2;0;3;3;1;100;0;0;1;1;0;2;2;2;2;100;2;0;1;100;0;2;0;2;2;1;1;1;0;2;100;100;0;0;1;100;0;1;0;1;0;2;2;0;0;1;1;0;3;2;1;100;2;100;2;3;0;3;1;1;0;1;2;1;0;100;0;100;100;2;1;100;100;2;0;2;1;3;100;2;1;1;1;3;1;0;3;100;1;0;100;3;100;100;100;100;0;1;1;1;2;3;0;100;1;2;0;1;1;1;0;2;1;0;100;100;0;1;100;0;0;3;100;2;1;2;100;100;0;1;2;100;1;100;100;2;0,357;221;118;97;94
