model,dataset,passage,SR,meanT,maxT,minT,wa,pd,npd,persuasion_counts,correct_num
/nas-ssd2/esteng/trained_calibration/dialogue_models/trivia_qa/llama_3.1_70B_combo_dpo_limited_filtered_big_12_seed/checkpoint-202,Boolq,logical,0.5221238938053098,1.4124293785310735,4,1,152,177,162,0;0;1;0;1;0;100;1;1;1;0;100;2;2;0;2;1;100;100;0;1;0;0;2;0;100;2;2;100;100;0;100;100;1;100;1;1;2;0;100;1;3;0;3;3;1;1;0;2;1;1;100;0;0;1;1;0;100;100;1;2;100;0;100;100;1;0;100;100;1;2;1;100;100;100;0;100;0;0;2;100;0;100;1;1;2;100;0;1;1;100;100;1;0;100;1;0;0;1;0;0;100;1;100;3;1;0;100;0;100;100;1;100;1;100;100;0;0;100;0;100;1;0;100;100;0;0;1;1;100;2;100;0;100;1;1;100;2;0;2;0;1;0;0;100;0;100;0;100;1;0;1;1;0;0;100;100;1;1;1;100;1;100;100;100;100;100;0;3;1;1;100;1;100;100;100;3;1;0;0;0;1;0;1;2;0;0;0;4;100;1;0;0;0;100;2;1;0;1;2;100;0;1;2;100;0;4;100;100;100;0;100;100;100;100;1;0;100;1;0;0;1;0;1;1;2;1;0;0;3;1;100;100;1;0;1;100;1;0;0;0;100;100;1;100;0;100;0;0;1;100;3;100;0;1;1;100;100;1;0;1;0;0;0;1;1;100;1;0;0;1;0;1;100;100;100;0;1;0;100;0;0;100;100;1;0;0;0;1;1;0;1;1;100;100;1;100;0;1;1;100;0;0;1;100;0;100;1;100;1;2;0;0;0;0;0;1;100;0;2;2;1;0;1;100;0;0;0;0;100;3;1;4;100;0;2;100;1;100;100;2;0;100;1;0;2;0;0;100;100;100;0;100;0;100;1;100;0;4;100;100;1;1;1;100;100;100;0;2;100;0;0;1;100;100;100;1;0;0;2;1;0;1;0;100;100;2;0;100;100;0;3;1;1;100;100;0;100;0;1;0;1;100;0;1;100;2;100;1;100;2;0;0;1;2;0;0;1;2;100;0;0;100;100;100;100;100;0;1;100;0;3;0;0;2;1;1;100;2;100;100;100;100;1;0;100;100;100;1;100;0;100;2;1;100;0;0;100;2;0;1;100;1;0;100;0;1;0;100;100;0;1;100;2;1;0;100;0;1;100;100;0;1;100;0;0;100;0;100;100;2,339;162;139;127;127
