model,dataset,passage,SR,meanT,maxT,minT,wa,pd,npd,persuasion_counts,correct_num
/nas-ssd2/esteng/trained_calibration/dialogue_models/trivia_qa/mistral_v0.2_7B_combo_dpo_limited_filtered_big_12_seed/checkpoint-101,Boolq,logical,0.4691011235955056,1.7904191616766467,4,1,135,167,189,100;1;0;3;2;100;100;1;100;0;100;4;0;100;0;2;1;100;100;0;0;0;100;0;0;100;100;0;100;3;1;1;100;100;100;0;100;0;3;0;0;100;100;1;1;3;2;100;100;3;0;1;100;100;0;100;2;100;0;0;0;3;100;100;100;0;2;2;100;1;1;0;0;2;100;1;100;2;100;0;0;3;100;1;100;100;2;100;2;0;1;100;100;3;2;2;1;3;4;100;3;0;0;0;0;1;0;100;100;0;1;0;1;100;3;0;1;100;100;1;3;1;100;2;0;3;2;0;1;100;0;0;100;0;0;0;100;100;100;1;0;2;2;2;3;0;2;4;100;1;100;3;3;1;4;100;2;0;0;0;1;100;1;100;1;100;100;100;0;0;100;100;0;1;100;0;0;1;100;0;1;1;100;0;1;100;0;100;1;100;100;0;1;100;2;3;0;0;0;100;0;100;2;2;100;4;100;1;100;100;100;100;1;100;0;0;0;0;1;1;4;1;0;4;0;1;0;100;100;100;1;0;1;0;100;3;0;100;0;100;100;100;100;0;100;1;2;4;1;0;1;0;2;100;0;2;100;0;2;100;100;100;100;100;0;0;100;1;0;100;0;100;0;0;100;3;100;0;4;100;2;1;1;1;0;0;100;0;2;1;100;1;0;100;100;100;100;100;100;1;100;2;4;100;1;100;0;1;3;0;0;100;0;1;100;100;100;1;0;2;0;4;1;1;100;3;100;2;100;0;0;1;100;3;100;1;0;100;100;2;1;100;100;0;0;1;100;1;100;100;100;100;100;2;100;0;100;100;100;100;0;0;1;100;0;100;100;100;100;100;100;0;2;100;0;100;0;2;100;1;100;0;0;0;100;100;0;0;2;100;0;0;1;1;0;1;2;0;0;1;100;0;2;0;1;100;2;100;100;100;100;1;100;1;0;0;100;3;0;1;0;100;0;100;2;100;2;2;1;2;100;100;100;100;100;2;100;100;1;0;100;100;2;1;100;100;100;2;100;100;0;100;100;1;100;3;0;100;0;100;0;1;100;1;0;100;2;0;100;100;0;1;1;0;0;100;100;100;1;100;100;100;0;2;100;0;0;1;0;4;0,356;267;221;199;188
