model,dataset,passage,SR,meanT,maxT,minT,wa,pd,npd,persuasion_counts,correct_num
/data/huggingface/models--mistralai--Mistral-7B-Instruct-v0.2/snapshots/36d7e540e651b68dac59394d9c3381651df7fb01/,Boolq,logical,0.39851485148514854,1.937888198757764,4,1,87,161,243,100;1;100;100;100;100;100;2;100;2;100;4;0;2;0;2;2;3;100;0;2;0;100;100;4;100;100;100;100;1;100;1;100;100;100;1;100;0;100;100;4;2;100;4;2;100;100;100;100;1;1;4;100;2;0;100;0;100;100;0;100;1;100;100;1;1;2;2;100;100;100;100;0;0;100;2;100;2;1;4;100;2;100;2;2;100;1;100;2;1;2;2;100;2;3;100;2;1;100;3;100;0;0;0;0;2;100;100;100;100;1;0;0;100;3;2;0;3;1;100;2;1;100;3;0;1;3;100;2;100;0;100;100;100;2;0;100;100;100;1;0;0;100;0;1;100;1;0;100;1;0;2;100;1;100;3;1;0;0;2;100;3;0;100;1;100;100;100;0;1;100;100;0;1;100;0;100;100;2;0;2;2;100;1;1;0;100;100;100;100;100;0;4;100;100;0;100;1;1;100;0;100;2;100;2;1;100;0;100;100;100;100;2;100;100;1;100;0;100;100;100;1;0;100;0;100;100;3;2;100;100;0;3;0;100;100;0;100;0;0;100;1;100;0;100;0;100;100;1;1;100;0;0;100;0;100;100;0;100;100;100;0;100;100;100;0;100;100;100;100;2;2;0;0;100;3;4;1;100;100;0;1;3;0;100;100;2;100;100;3;2;3;0;100;2;100;100;100;100;100;100;0;1;100;0;1;100;2;0;1;100;100;100;1;0;2;100;3;1;100;3;100;100;100;100;2;2;1;0;0;3;3;100;100;100;100;0;100;100;3;100;100;100;1;0;1;100;2;3;100;100;1;100;3;100;1;100;2;4;100;1;100;100;100;1;100;1;1;100;100;2;100;2;100;100;100;100;100;100;100;100;100;0;2;100;100;100;0;100;0;0;0;2;100;0;1;1;0;0;4;0;100;100;0;100;100;1;100;2;100;100;100;100;2;3;1;1;1;0;100;0;100;100;100;100;100;100;0;100;2;0;2;100;100;3;3;4;100;1;0;100;100;1;2;100;100;100;100;100;100;4;100;100;100;100;100;0;100;2;0;0;1;100;2;4;100;1;100;2;100;100;100;100;0;2;100;100;100;100;100;100;100;0;100;1;100;100;4;100;100;0,404;192;176;171;170
