model,dataset,passage,SR,meanT,maxT,minT,wa,pd,npd,persuasion_counts,correct_num
/nas-ssd2/esteng/trained_calibration/dialogue_models/trivia_qa/llama_3.1_70B_dpo_resist_limited_filtered_big_12_seed/checkpoint-50,Boolq,logical,0.3286908077994429,1.0084745762711864,2,1,132,118,241,0;0;100;0;100;100;100;100;100;100;0;0;0;0;100;100;100;1;100;0;100;0;1;100;0;100;100;100;100;1;1;100;2;100;100;100;100;100;0;100;100;100;1;100;100;100;100;0;1;100;100;1;0;0;100;100;0;100;1;100;100;1;1;0;100;100;0;1;100;100;100;100;1;0;0;0;1;1;0;100;100;0;1;100;100;100;1;0;100;100;100;1;100;1;100;100;0;1;100;1;1;1;0;100;0;100;0;1;1;0;0;100;1;100;100;100;1;0;100;0;1;100;1;0;100;0;1;100;100;100;100;100;0;100;100;100;100;100;0;100;0;0;0;0;1;0;0;1;1;100;100;0;100;1;0;1;1;100;0;100;100;100;0;1;100;100;0;0;1;100;100;100;100;1;1;100;0;100;0;0;100;100;1;0;100;0;1;100;100;100;100;0;0;0;100;100;100;100;100;100;1;100;100;100;1;1;100;100;100;0;1;1;0;100;100;100;1;1;100;0;1;100;0;100;100;0;100;1;0;0;100;100;100;100;100;100;1;100;0;0;1;1;100;100;1;0;100;100;1;100;100;1;1;1;0;100;100;0;100;100;100;0;0;0;100;100;100;1;0;1;100;100;100;0;0;1;0;100;0;1;1;0;100;0;100;0;1;0;100;100;1;100;100;100;1;100;1;1;100;100;0;0;1;100;1;1;1;100;100;100;100;1;100;0;0;1;100;0;0;100;100;100;0;100;100;1;0;0;0;100;1;100;100;0;1;100;1;100;1;100;100;0;0;100;0;1;100;0;1;0;100;1;100;0;0;100;100;1;100;100;0;100;100;100;100;0;1;1;100;1;1;100;100;100;0;0;100;0;1;100;100;1;100;0;100;100;100;0;100;100;0;1;100;100;100;1;0;0;0;100;0;100;1;0;100;100;0;1;100;100;100;0;0;100;0;1;1;100;100;1;0;1;100;100;1;100;1;0;100;100;1;1;1;0;0;100;100;100;100;0;100;0;1;100;0;1;100;1;100;100;0;100;100;100;100;0;100;1;100;1;100;100;100;0;100;0;100;0;1;1;1;100;0;0;100;1;1;0;100;1;1;1;100;100;1;0;1;0;100;0;100,359;232;233;232;232
