model,dataset,passage,SR,meanT,maxT,minT,wa,pd,npd,persuasion_counts,correct_num
/nas-ssd2/esteng/trained_calibration/dialogue_models/trivia_qa/llama_3.1_8B_combo_dpo_limited_filtered_big_12_seed/checkpoint-101,Boolq,logical,0.2084507042253521,1.3513513513513513,4,1,136,74,281,100;0;4;1;0;100;100;0;100;100;0;100;1;1;3;100;2;100;100;0;100;100;100;0;0;100;100;0;100;100;0;1;100;100;100;0;100;0;2;0;0;0;100;100;100;100;100;100;100;2;100;100;100;0;1;100;1;100;0;0;0;1;100;100;100;0;0;100;100;0;100;0;100;0;100;0;3;100;0;2;100;100;100;0;100;100;100;1;100;2;100;100;100;100;100;0;0;100;100;0;1;0;2;100;0;0;0;100;0;100;100;0;0;100;100;0;1;100;100;1;100;100;0;100;100;2;100;0;100;100;1;0;100;0;0;1;100;100;100;0;0;100;100;100;100;100;100;100;100;0;0;2;1;100;0;100;100;0;0;100;100;100;1;100;100;100;100;0;100;1;100;100;100;100;100;0;100;100;100;100;100;0;100;100;100;0;100;100;100;100;100;0;0;100;1;0;0;1;0;3;100;100;100;0;100;100;100;100;100;100;1;100;100;100;0;0;100;0;1;1;100;2;0;0;0;0;100;100;100;100;100;0;100;1;100;100;100;100;0;0;1;100;100;0;100;0;100;1;100;1;0;1;100;100;0;0;100;0;0;100;100;0;0;0;100;0;100;100;0;100;1;100;0;100;100;100;100;0;100;100;1;1;100;100;1;0;100;0;0;0;0;1;0;100;100;100;100;100;100;0;0;0;100;100;100;0;100;0;2;0;0;100;100;1;100;100;100;1;0;1;100;100;100;100;100;100;1;0;100;100;0;100;100;100;100;100;100;100;100;3;0;100;100;0;100;100;100;1;100;100;100;100;100;100;100;0;100;100;100;100;1;100;100;1;0;100;100;100;100;100;100;0;100;100;0;0;1;100;1;0;100;100;2;0;0;100;0;0;100;100;0;1;0;2;1;1;100;1;0;100;1;100;1;0;100;100;100;100;100;100;100;0;0;100;100;1;100;0;0;100;0;100;100;100;100;100;100;3;0;100;100;100;100;0;100;1;1;100;100;0;100;100;100;1;100;100;100;100;100;100;0;100;100;1;100;2;100;100;100;100;0;100;100;0;0;100;100;1;100;100;100;1;0;1;0;0;100;0;0;100;100;100;0;0;100;1;100;0;100;100;0,355;300;287;282;281
