model,dataset,passage,SR,meanT,maxT,minT,wa,pd,npd,persuasion_counts,correct_num
/data/elias_stengel_eskin/trained_calibration/dialogue_models/trivia_qa/mistral_v0.2_7B_dpo_agree_filtered_big_12_seed/checkpoint-50,NQ1,logical,0.6481481481481481,1.5857142857142856,4,1,272,140,76,0;1;0;2;2;1;0;0;0;1;0;100;0;0;100;0;3;0;2;100;1;0;0;1;2;0;0;100;100;0;0;1;1;0;1;1;100;3;1;100;2;0;100;100;100;0;2;1;100;1;2;2;1;0;0;0;100;3;0;0;1;1;0;0;0;0;100;100;0;100;0;0;0;1;0;0;0;1;0;0;0;0;0;0;100;0;0;0;0;1;100;1;1;0;0;0;100;2;0;1;100;1;2;0;0;1;100;0;2;0;0;1;0;2;100;3;0;0;3;0;0;0;1;100;0;0;0;100;0;0;1;0;0;1;1;0;0;3;1;3;0;0;100;0;100;1;3;0;1;2;2;0;0;0;3;3;0;1;1;0;1;1;0;0;1;100;100;0;0;0;0;0;0;0;2;0;1;0;1;0;0;2;0;0;0;0;100;0;0;100;0;0;0;0;1;0;100;0;0;4;0;0;100;100;100;0;0;0;0;2;0;100;0;100;0;1;100;0;0;0;3;0;1;0;0;1;0;0;0;100;1;0;100;0;0;100;100;0;1;100;0;0;2;2;1;0;1;100;0;0;0;0;100;0;0;1;2;2;0;0;100;0;0;0;0;0;2;1;0;100;0;100;0;0;0;0;0;1;0;100;100;0;2;0;2;1;0;0;1;2;0;0;0;0;0;100;100;0;1;1;100;0;100;0;0;100;1;0;0;0;0;2;0;100;0;0;0;0;1;2;1;1;2;0;2;0;100;0;1;0;0;100;0;100;0;0;100;2;100;0;0;100;0;3;0;0;100;1;1;0;3;0;2;0;0;0;2;0;0;1;1;1;0;0;0;0;0;100;0;0;0;100;0;2;0;0;0;0;0;0;0;0;2;3;1;0;0;0;0;1;0;1;0;0;0;1;0;100;0;100;0;100;0;0;0;100;2;0;0;1;0;2;100;0;0;100;100;1;0;1;0;0;2;0;4;0;0;0;1;0;0;0;0;0;100;0;3;0;1;4;100;0;100;0;1;100;0;0;0;0;100;0;0;1;0;0;2;0;100;0;0;0;2;1;0;1;0;0;0;1;2;0;0;1;0;0;0;1;3;0;0;0;2;0;0;0;1;0,216;136;82;64;64
