model,dataset,passage,SR,meanT,maxT,minT,wa,pd,npd,persuasion_counts,correct_num
/nas-ssd2/esteng/trained_calibration/dialogue_models/trivia_qa/llama_3.1_70B_dpo_resist_limited_filtered_big_12_seed/checkpoint-50,NQ1,logical,0.6528925619834711,1.1054852320675106,3,1,125,237,126,100;0;1;1;1;2;100;100;0;1;100;100;1;0;100;100;100;1;100;100;100;1;1;100;1;100;0;1;100;1;1;1;1;100;100;1;100;1;1;0;1;1;1;2;100;1;100;1;1;1;1;2;1;100;1;0;100;100;100;100;1;100;0;100;100;1;1;1;0;100;0;1;0;1;1;0;1;1;1;100;0;1;100;1;100;100;1;100;1;1;1;100;100;1;1;0;1;100;1;1;1;1;1;0;100;1;100;0;100;1;1;0;1;0;0;100;1;0;1;0;0;1;0;1;1;0;0;100;1;0;100;100;1;1;100;1;100;1;100;1;0;1;100;0;100;0;1;1;1;2;1;0;1;1;100;1;0;1;1;0;1;0;1;0;1;1;0;0;0;1;100;100;1;0;100;1;100;0;1;1;0;0;1;0;0;2;1;1;0;0;0;1;100;1;100;1;1;1;2;100;1;0;2;100;100;0;1;1;0;2;1;1;1;0;0;100;100;1;100;0;0;0;1;1;0;1;100;100;1;100;1;1;2;0;0;1;100;100;1;100;1;0;100;100;0;2;100;0;1;0;1;1;1;1;100;0;1;1;1;1;1;0;0;0;1;0;2;1;0;1;1;1;0;100;2;100;1;2;1;100;100;1;1;1;1;1;1;1;100;100;0;100;0;1;1;1;100;0;100;1;1;0;0;0;0;1;0;0;100;1;1;1;1;100;1;100;1;1;0;1;0;1;1;1;2;0;100;3;0;1;2;2;1;0;0;1;100;0;100;0;1;1;0;1;100;1;100;100;1;0;100;0;100;1;0;0;0;1;2;3;100;1;0;1;1;100;100;100;1;1;0;1;1;2;1;100;0;100;100;0;1;100;1;100;100;100;1;1;0;100;0;100;1;0;0;100;1;1;0;1;1;100;0;0;0;100;1;0;0;1;0;100;100;0;0;100;100;100;1;1;0;1;1;1;1;100;1;1;1;0;100;0;1;1;100;0;100;0;100;1;100;0;1;0;1;100;1;0;0;0;1;1;100;1;0;1;100;1;100;1;1;2;100;0;0;1;0;0;1;100;1;1;0;1;1;1;1;1;0;1;2;0;100;1;100;1;1;2,363;134;121;124;124
