model,dataset,passage,SR,meanT,maxT,minT,wa,pd,npd,persuasion_counts,correct_num
/data/huggingface/models--mistralai--Mistral-7B-Instruct-v0.2/snapshots/36d7e540e651b68dac59394d9c3381651df7fb01/,NQ1,logical,0.5043478260869565,1.6120689655172413,4,1,258,116,114,0;1;0;100;2;100;1;0;0;100;1;100;0;0;1;0;4;0;0;1;1;0;0;1;1;0;0;100;3;0;0;2;1;0;1;100;100;2;2;100;1;0;2;100;100;0;100;3;1;100;100;2;2;2;100;0;100;100;2;0;1;2;0;0;0;100;3;100;0;100;0;0;0;2;0;0;1;100;0;0;0;3;100;0;100;0;0;100;0;100;100;1;100;0;0;0;100;100;1;1;100;0;1;0;0;0;100;0;2;0;0;1;0;2;100;100;0;0;2;0;0;0;3;0;100;0;0;100;0;0;100;0;0;1;0;0;0;2;2;1;0;0;100;0;100;100;3;0;100;100;1;0;0;1;100;0;0;0;1;0;3;1;0;0;0;100;0;0;0;0;0;0;0;0;3;0;2;0;2;0;0;0;0;0;0;0;0;0;0;1;0;2;0;100;1;0;100;0;0;1;0;0;100;100;0;0;1;0;0;1;0;0;1;0;0;1;100;0;1;0;3;2;100;0;0;100;0;0;2;100;100;0;100;100;0;100;100;0;1;100;100;0;100;2;0;0;100;100;2;0;1;0;100;0;0;2;2;2;3;0;100;0;0;0;100;0;100;100;0;100;0;100;0;100;0;0;0;1;0;100;100;0;2;2;1;1;0;0;0;1;0;100;0;0;0;100;100;0;100;0;100;0;0;0;0;1;1;0;0;100;0;1;0;100;0;1;100;0;1;100;1;100;2;0;2;100;100;0;1;0;0;2;0;0;0;0;2;0;100;0;2;0;0;100;0;0;100;1;0;0;0;0;100;0;0;0;0;0;0;2;0;100;0;0;0;0;0;100;0;0;0;100;0;0;0;2;0;0;0;0;0;0;100;100;100;0;0;0;0;100;0;1;0;0;0;1;0;100;0;100;100;0;0;0;0;100;0;0;0;1;0;100;100;0;0;100;100;1;0;100;0;0;100;1;1;0;0;0;3;2;0;0;0;0;100;0;100;0;1;3;100;0;2;0;1;1;0;0;0;0;100;100;0;100;0;100;2;0;100;2;0;0;2;100;0;0;0;0;0;100;0;0;0;1;2;0;0;2;2;0;2;0;100;0;0;0;1;1,230;124;70;65;64
