model,dataset,passage,SR,meanT,maxT,minT,wa,pd,npd,persuasion_counts,correct_num
/data/huggingface/models--mistralai--Mistral-7B-Instruct-v0.2/snapshots/36d7e540e651b68dac59394d9c3381651df7fb01/,NQ2,logical,0.538135593220339,1.5905511811023623,4,1,253,127,109,0;1;0;1;100;100;100;0;0;100;1;0;100;0;0;1;0;100;0;0;3;2;0;0;100;2;0;0;100;100;2;0;0;100;1;0;1;100;100;1;3;100;100;0;1;2;100;0;100;100;2;1;4;100;1;1;1;0;2;100;2;0;100;2;1;100;0;0;0;2;100;100;0;2;0;0;0;1;0;0;1;2;0;0;0;1;2;0;100;0;0;1;0;1;100;1;100;0;0;0;100;1;1;2;100;0;100;0;0;0;100;0;3;0;0;1;0;100;100;100;0;0;1;0;1;0;0;1;0;2;0;0;1;0;0;1;0;1;0;2;0;0;0;2;3;100;0;0;100;0;100;3;2;0;100;2;1;0;1;100;0;0;0;1;0;100;2;0;0;0;100;0;0;0;0;0;0;0;0;0;100;0;2;0;2;0;0;0;0;0;0;0;0;0;0;1;0;1;0;1;2;0;3;0;0;2;0;0;100;100;0;0;1;0;0;2;0;0;100;0;0;100;100;0;100;0;2;100;1;0;0;1;0;0;1;100;100;0;100;100;0;1;100;0;100;100;1;0;2;2;0;0;100;1;100;0;1;0;2;0;0;2;1;100;1;0;2;0;0;0;1;0;100;100;0;2;0;100;0;1;0;0;0;100;100;100;0;100;4;2;100;0;0;4;0;2;0;0;0;100;100;0;2;0;100;0;100;0;0;2;1;0;0;100;0;1;0;100;0;1;2;0;100;100;100;100;1;0;100;4;100;0;1;0;0;1;0;100;0;0;1;0;100;0;100;0;0;1;0;0;100;2;0;0;0;0;100;0;0;0;0;0;0;2;0;1;0;0;0;0;0;100;0;0;0;100;0;0;0;1;0;0;0;0;0;0;100;100;2;0;0;0;0;100;0;100;0;0;0;100;1;0;0;0;0;1;0;0;0;4;0;100;100;0;0;100;2;100;0;100;0;0;100;1;100;0;0;0;2;1;0;0;0;0;100;0;2;0;100;100;100;0;100;0;100;100;0;0;0;0;100;2;1;0;1;0;2;1;0;100;1;0;0;2;1;0;0;0;0;0;3;0;0;0;100;1;0;0;100;1;0;100;0;1;0;0;0;2;1,236;167;120;114;108
